{
  "Raspberry_Camera_case_back_0.15mm_PLA_MK3S_19m.gcode": {
    "hash": "5ab7f47085c3741e306fafa43d03c487e3514461",
    "thumbnail": "plugin/prusaslicerthumbnails/thumbnail/Rpi camera/Raspberry_Camera_case_back_0.15mm_PLA_MK3S_19m.png?20221010085658",
    "thumbnail_src": "prusaslicerthumbnails",
    "analysis": {
      "printingArea": {
        "maxX": 147.894,
        "maxY": 127.879,
        "maxZ": 6.5,
        "minX": 0.0,
        "minY": -3.0,
        "minZ": 0.0
      },
      "dimensions": {
        "depth": 130.87900000000002,
        "height": 6.5,
        "width": 147.894
      },
      "estimatedPrintTime": 949.0432528319838,
      "filament": {
        "tool0": {
          "length": 985.476159999991,
          "volume": 2.370347946291386
        }
      }
    },
    "DisplayLayerProgress": {
      "totalLayerCountWithoutOffset": "43"
    },
    "continuousprint": {
      "profile": ""
    }
  },
  "Raspberry_Camera_mount_connector_0.15mm_PLA_MK3S_16m.gcode": {
    "hash": "c686d9ccda96ab5673faf5524da45de80ad7477f",
    "thumbnail": "plugin/prusaslicerthumbnails/thumbnail/Rpi camera/Raspberry_Camera_mount_connector_0.15mm_PLA_MK3S_16m.png?20221010093105",
    "thumbnail_src": "prusaslicerthumbnails",
    "analysis": {
      "printingArea": {
        "maxX": 137.279,
        "maxY": 122.257,
        "maxZ": 9.2,
        "minX": 0.0,
        "minY": -3.0,
        "minZ": 0.0
      },
      "dimensions": {
        "depth": 125.257,
        "height": 9.2,
        "width": 137.279
      },
      "estimatedPrintTime": 857.2679059586317,
      "filament": {
        "tool0": {
          "length": 414.0359599999999,
          "volume": 0.9958731903537789
        }
      }
    },
    "DisplayLayerProgress": {
      "totalLayerCountWithoutOffset": "61"
    },
    "continuousprint": {
      "profile": ""
    }
  },
  "Raspberry_Camera_mount_clip_right_0.15mm_PLA_MK3S_1h34m.gcode": {
    "hash": "b470f95793f546781317af420a64ae54af9faa83",
    "thumbnail": "plugin/prusaslicerthumbnails/thumbnail/Rpi camera/Raspberry_Camera_mount_clip_right_0.15mm_PLA_MK3S_1h34m.png?20221010093111",
    "thumbnail_src": "prusaslicerthumbnails",
    "analysis": {
      "printingArea": {
        "maxX": 149.777,
        "maxY": 140.708,
        "maxZ": 30.05,
        "minX": 0.0,
        "minY": -3.0,
        "minZ": 0.0
      },
      "dimensions": {
        "depth": 143.708,
        "height": 30.05,
        "width": 149.777
      },
      "estimatedPrintTime": 4139.5303388243265,
      "filament": {
        "tool0": {
          "length": 4007.014790000439,
          "volume": 9.638000048866566
        }
      }
    },
    "DisplayLayerProgress": {
      "totalLayerCountWithoutOffset": "200"
    },
    "continuousprint": {
      "profile": ""
    }
  },
  "Raspberry_Camera_case_front_0.15mm_PLA_MK3S_36m.gcode": {
    "hash": "11cb3236e74b0cc9ea665fd9bf3cedf130c49ce6",
    "thumbnail": "plugin/prusaslicerthumbnails/thumbnail/Rpi camera/Raspberry_Camera_case_front_0.15mm_PLA_MK3S_36m.png?20221010093114",
    "thumbnail_src": "prusaslicerthumbnails",
    "continuousprint": {
      "profile": ""
    },
    "DisplayLayerProgress": {
      "totalLayerCountWithoutOffset": "68"
    },
    "analysis": {
      "printingArea": {
        "maxX": 147.887,
        "maxY": 132.643,
        "maxZ": 10.25,
        "minX": 0.0,
        "minY": -3.0,
        "minZ": 0.0
      },
      "dimensions": {
        "depth": 135.643,
        "height": 10.25,
        "width": 147.887
      },
      "estimatedPrintTime": 1727.797161045517,
      "filament": {
        "tool0": {
          "length": 1557.745840000027,
          "volume": 3.746817835439112
        }
      }
    },
    "history": [
      {
        "timestamp": 1665392985.9365058,
        "printTime": 2243.9539132049995,
        "success": true,
        "printerProfile": "prusa_mk3s"
      }
    ],
    "statistics": {
      "averagePrintTime": {
        "prusa_mk3s": 2243.9539132049995
      },
      "lastPrintTime": {
        "prusa_mk3s": 2243.9539132049995
      }
    }
  },
  "Raspberry_Camera_case_connector_0.15mm_PLA_MK3S_31m.gcode": {
    "hash": "6384be553b02071d4fbd539e0dffb2f9a31c7651",
    "thumbnail": "plugin/prusaslicerthumbnails/thumbnail/Rpi camera/Raspberry_Camera_case_connector_0.15mm_PLA_MK3S_31m.png?20221010093116",
    "thumbnail_src": "prusaslicerthumbnails",
    "continuousprint": {
      "profile": ""
    },
    "DisplayLayerProgress": {
      "totalLayerCountWithoutOffset": "99"
    },
    "analysis": {
      "printingArea": {
        "maxX": 140.765,
        "maxY": 118.86,
        "maxZ": 14.9,
        "minX": 0.0,
        "minY": -3.0,
        "minZ": 0.0
      },
      "dimensions": {
        "depth": 121.86,
        "height": 14.9,
        "width": 140.765
      },
      "estimatedPrintTime": 1412.1211373091605,
      "filament": {
        "tool0": {
          "length": 827.121340000006,
          "volume": 1.9894599678624507
        }
      }
    }
  },
  "Raspberry_Camera_mount_clip_left_0.15mm_PLA_MK3S_1h34m.gcode": {
    "hash": "f8fa8ffaba565f266e560c937d17eb507afcf280",
    "thumbnail": "plugin/prusaslicerthumbnails/thumbnail/Rpi camera/Raspberry_Camera_mount_clip_left_0.15mm_PLA_MK3S_1h34m.png?20221010093120",
    "thumbnail_src": "prusaslicerthumbnails",
    "continuousprint": {
      "profile": ""
    },
    "DisplayLayerProgress": {
      "totalLayerCountWithoutOffset": "200"
    },
    "analysis": {
      "printingArea": {
        "maxX": 149.777,
        "maxY": 140.679,
        "maxZ": 30.05,
        "minX": 0.0,
        "minY": -3.0,
        "minZ": 0.0
      },
      "dimensions": {
        "depth": 143.679,
        "height": 30.05,
        "width": 149.777
      },
      "estimatedPrintTime": 4143.733373725583,
      "filament": {
        "tool0": {
          "length": 4008.2799800003527,
          "volume": 9.641043187442303
        }
      }
    }
  },
  "Raspberry_Camera_extender_0.15mm_PLA_MK3S_35m.gcode": {
    "hash": "2b7867fd8adf7f13191257dd73ff4de7f8cd71dc",
    "thumbnail": "plugin/prusaslicerthumbnails/thumbnail/Rpi camera/Raspberry_Camera_extender_0.15mm_PLA_MK3S_35m.png?20221010105732",
    "thumbnail_src": "prusaslicerthumbnails",
    "DisplayLayerProgress": {
      "totalLayerCountWithoutOffset": "47"
    },
    "analysis": {
      "printingArea": {
        "maxX": 140.877,
        "maxY": 142.549,
        "maxZ": 7.1,
        "minX": 0.0,
        "minY": -3.0,
        "minZ": 0.0
      },
      "dimensions": {
        "depth": 145.549,
        "height": 7.1,
        "width": 140.877
      },
      "estimatedPrintTime": 1470.0739524031085,
      "filament": {
        "tool0": {
          "length": 1414.280350000006,
          "volume": 3.4017428925960087
        }
      }
    },
    "continuousprint": {
      "profile": ""
    },
    "history": [
      {
        "timestamp": 1665396242.3769245,
        "success": false,
        "printerProfile": "prusa_mk3s"
      }
    ],
    "statistics": {
      "averagePrintTime": {},
      "lastPrintTime": {}
    }
  }
}