[{"key": "prusaslicerthumbnails", "name": "Slicer Thumbnails", "url": "https://github.com/jneilliii/OctoPrint-PrusaSlicerThumbnails"}, {"key": "PrintJobHistory", "name": "PrintJobHistory", "url": "https://github.com/OllisGit/OctoPrint-PrintJobHistory"}, {"key": "PrintTimeGenius", "name": "PrintTimeGenius Plugin", "url": "https://github.com/eyal0/OctoPrint-PrintTimeGenius"}, {"key": "OctoText", "name": "OctoText", "url": "https://github.com/berrystephenw/OctoText"}, {"key": "octopod", "name": "OctoPod Plugin", "url": "https://github.com/gdombiak/OctoPrint-OctoPod"}, {"key": "firmwareupdater", "name": "Firmware Updater", "url": "https://github.com/OctoPrint/OctoPrint-FirmwareUpdater"}, {"key": "filemanager", "name": "FileManager", "url": "https://github.com/Salandora/OctoPrint-FileManager"}, {"key": "DisplayLayerProgress", "name": "DisplayLayerProgress Plugin", "url": "https://github.com/OllisGit/OctoPrint-DisplayLayerProgress"}, {"key": "continuousprint", "name": "Continuous Print", "url": "https://github.com/smartin015/continuousprint"}]