{
  "cp_bed_clearing_script.gcode": {
    "hash": "1eba4aa435620a8b837c5faf97db47c7a27604ad",
    "analysis": {
      "analysisPending": false
    },
    "continuousprint": {
      "profile": ""
    },
    "history": [
      {
        "timestamp": 1665996312.1096852,
        "printTime": 71.78329236599984,
        "success": true,
        "printerProfile": "prusa_mk3s"
      },
      {
        "timestamp": 1666601819.1820679,
        "printTime": 40.1625080190006,
        "success": true,
        "printerProfile": "prusa_mk3s"
      },
      {
        "timestamp": 1666601917.4412336,
        "printTime": 47.76426291500047,
        "success": true,
        "printerProfile": "prusa_mk3s"
      },
      {
        "timestamp": 1666601946.030792,
        "success": false,
        "printerProfile": "prusa_mk3s"
      },
      {
        "timestamp": 1666601977.3113558,
        "success": false,
        "printerProfile": "prusa_mk3s"
      },
      {
        "timestamp": 1666602847.9993312,
        "printTime": 71.76446041599957,
        "success": true,
        "printerProfile": "prusa_mk3s"
      },
      {
        "timestamp": 1666603499.0757146,
        "printTime": 71.78198913799861,
        "success": true,
        "printerProfile": "prusa_mk3s"
      },
      {
        "timestamp": 1669622229.2126012,
        "printTime": 71.70056461500008,
        "success": true,
        "printerProfile": "prusa_mk3s"
      },
      {
        "timestamp": 1670834566.5078676,
        "printTime": 71.77969938500019,
        "success": true,
        "printerProfile": "prusa_mk3s"
      },
      {
        "timestamp": 1670838407.1275167,
        "printTime": 71.677383749,
        "success": true,
        "printerProfile": "prusa_mk3s"
      },
      {
        "timestamp": 1670838958.4806707,
        "printTime": 71.8290828170002,
        "success": true,
        "printerProfile": "prusa_mk3s"
      },
      {
        "timestamp": 1670839465.108865,
        "printTime": 71.66265860900057,
        "success": true,
        "printerProfile": "prusa_mk3s"
      },
      {
        "timestamp": 1670840548.1357765,
        "printTime": 71.68749302600008,
        "success": true,
        "printerProfile": "prusa_mk3s"
      },
      {
        "timestamp": 1670841114.7186444,
        "printTime": 71.75185522399988,
        "success": true,
        "printerProfile": "prusa_mk3s"
      }
    ],
    "statistics": {
      "averagePrintTime": {
        "prusa_mk3s": 67.11210418991668
      },
      "lastPrintTime": {
        "prusa_mk3s": 71.75185522399988
      }
    },
    "DisplayLayerProgress": {
      "totalLayerCountWithoutOffset": "56"
    }
  },
  "cp_queue_finished_script.gcode": {
    "hash": "da8b34bc948e19d2866f16d448f02fa14999d3b3",
    "analysis": {
      "analysisPending": false
    },
    "continuousprint": {
      "profile": ""
    },
    "history": [
      {
        "timestamp": 1666607088.8601584,
        "printTime": 87.31055862199992,
        "success": true,
        "printerProfile": "prusa_mk3s"
      },
      {
        "timestamp": 1669622895.7698994,
        "printTime": 87.26674541800003,
        "success": true,
        "printerProfile": "prusa_mk3s"
      },
      {
        "timestamp": 1669630393.968916,
        "printTime": 91.69095599100001,
        "success": true,
        "printerProfile": "prusa_mk3s"
      },
      {
        "timestamp": 1670832171.9671683,
        "printTime": 86.72391196599983,
        "success": true,
        "printerProfile": "prusa_mk3s"
      },
      {
        "timestamp": 1670835128.2759259,
        "printTime": 87.27425538199986,
        "success": true,
        "printerProfile": "prusa_mk3s"
      },
      {
        "timestamp": 1670836691.407936,
        "printTime": 87.22282906599958,
        "success": true,
        "printerProfile": "prusa_mk3s"
      },
      {
        "timestamp": 1670837773.8190467,
        "printTime": 100.52917839699967,
        "success": true,
        "printerProfile": "prusa_mk3s"
      },
      {
        "timestamp": 1670839987.15638,
        "printTime": 87.5660491689996,
        "success": true,
        "printerProfile": "prusa_mk3s"
      },
      {
        "timestamp": 1670841707.1754105,
        "printTime": 87.31484830499903,
        "success": true,
        "printerProfile": "prusa_mk3s"
      },
      {
        "timestamp": 1670842360.8056185,
        "printTime": 87.19597514000088,
        "success": true,
        "printerProfile": "prusa_mk3s"
      },
      {
        "timestamp": 1670843458.6667778,
        "printTime": 86.55563344000075,
        "success": true,
        "printerProfile": "prusa_mk3s"
      }
    ],
    "statistics": {
      "averagePrintTime": {
        "prusa_mk3s": 88.78644917236356
      },
      "lastPrintTime": {
        "prusa_mk3s": 86.55563344000075
      }
    },
    "DisplayLayerProgress": {
      "totalLayerCountWithoutOffset": "90"
    }
  },
  "cp_queue_finished_script_bo.gcode": {
    "hash": "3066f5d7b7e1649feba331d293a7999cc01b45a0",
    "analysis": {
      "analysisPending": false
    },
    "DisplayLayerProgress": {
      "totalLayerCountWithoutOffset": "0"
    },
    "continuousprint": {
      "profile": ""
    },
    "history": [
      {
        "timestamp": 1666601671.135124,
        "printTime": 0.5185021320003216,
        "success": true,
        "printerProfile": "prusa_mk3s"
      }
    ],
    "statistics": {
      "averagePrintTime": {
        "prusa_mk3s": 0.5185021320003216
      },
      "lastPrintTime": {
        "prusa_mk3s": 0.5185021320003216
      }
    }
  }
}